-0.16911967595418292,0.16368881861368814,-0.060281649231910706,0.11874915659427643,0.1331220120191574,-0.04425971210002899
0.010939758270978928,0.14136250813802081,-0.05258273084958394,0.11832249909639359,0.13316786289215088,-0.04428602755069733
-0.04791691402594248,0.1637636621793111,-0.08398000399271646,0.11832712590694427,0.13316386938095093,-0.04428974539041519
0.03104958434899648,0.15115680297215778,-0.09566230575243631,0.11759374290704727,0.1332998275756836,-0.04446890577673912
0.04892773429552714,0.02756922940413157,-0.14459090431531268,0.11621040105819702,0.13358616828918457,-0.04529179260134697
-0.12053788701693216,0.03913438816865285,-0.17852181196212769,0.11612708121538162,0.13345564901828766,-0.04541350156068802
0.047867342829704285,0.0606791873772939,-0.2017088532447815,0.11599596589803696,0.13340318202972412,-0.04548846185207367
0.06674917538960774,0.016840680191914238,-0.2242244283358256,0.11565330624580383,0.1330396980047226,-0.046265825629234314
-0.13911443948745728,-0.008371756722529728,-0.20815308888753253,0.11546123772859573,0.1325896680355072,-0.04695140942931175
-0.07253828644752502,0.0007653582530717055,-0.22952522834142047,0.11539742350578308,0.1326581835746765,-0.046821676194667816
0.017495789875586826,0.018177477022012074,-0.21801882982254028,0.11523213982582092,0.13254210352897644,-0.04698280990123749
-0.03265644361575444,0.14211726188659668,-0.1925853093465169,0.11419486254453659,0.13128918409347534,-0.048859238624572754
-0.024287253618240356,-0.08855000138282776,-0.15553529063860574,0.11042507737874985,0.13156677782535553,-0.05254482477903366
-0.0973043938477834,-0.072278360525767,-0.19793262084325153,0.11038677394390106,0.13150382041931152,-0.05257455259561539
-0.07587393621603647,-0.09378063678741455,-0.12945525844891864,0.110320083796978,0.13143810629844666,-0.05262184888124466
-0.043860639135042824,-0.10232797265052795,-0.18796010812123615,0.11000725626945496,0.13105817139148712,-0.0527532696723938
0.04022496690352757,-0.07276198267936707,-0.19348980983098346,0.10996803641319275,0.1309986561536789,-0.05278782546520233
0.016300607472658157,-0.015508143852154413,-0.20724193255106607,0.10994453728199005,0.13093075156211853,-0.05283442884683609
0.015438847243785858,0.04478676120440165,-0.20682857433954874,0.10982197523117065,0.130740225315094,-0.053034279495477676
0.010441530495882034,0.10865495602289835,-0.16646392146746317,0.1097659170627594,0.1306895613670349,-0.05312424898147583
0.005168253245453039,0.07597885032494862,-0.18704241514205933,0.10952688753604889,0.1306365579366684,-0.05339548736810684
0.015748186657826103,0.04545387625694275,-0.1866925557454427,0.10920736193656921,0.13046957552433014,-0.0538022518157959
-0.10320233305295308,0.1667517026265462,0.011855901529391605,0.10195419937372208,0.1238795667886734,-0.0640847235918045
-0.07910119990507761,0.12562191486358643,-0.029112791021664936,0.10180474817752838,0.12391140311956406,-0.0640314444899559
-0.013514598210652668,0.05886070926984151,0.20993798971176147,0.11874914169311523,0.1331220269203186,-0.04425971210002899
-0.05486263334751129,0.032444871962070465,0.18458664417266846,0.11863860487937927,0.1330586075782776,-0.044044412672519684
0.005967443808913231,-0.0075161997228860855,0.18699946006139118,0.11850835382938385,0.13298074901103973,-0.04390152543783188
-0.032615818083286285,-0.058751011888186135,0.12285692493120828,0.11833120882511139,0.13275490701198578,-0.04353360831737518
-0.05133195221424103,-0.06731930375099182,0.13226858774820963,0.1182059794664383,0.1325923651456833,-0.04339505732059479
-0.08057859539985657,-0.05964970588684082,0.1295242706934611,0.11807699501514435,0.13243699073791504,-0.043261170387268066
-0.08647666374842325,-0.05928931633631388,0.1166317860285441,0.11800910532474518,0.1323697715997696,-0.04320228099822998
-0.08500829339027405,-0.054171328743298844,0.10226886471112569,0.11785952746868134,0.13222701847553253,-0.043085984885692596
-0.07191298405329385,-0.060121009747187294,0.11105740070343018,0.11779265105724335,0.13216577470302582,-0.04304402321577072
-0.06648276249567667,-0.05407841503620148,0.15921690066655475,0.11716791242361069,0.13152609765529633,-0.04253771901130676
-0.024613961577415466,-0.047869871060053505,0.1738947629928589,0.11710705608129501,0.1314631551504135,-0.04247070103883743
-0.06559987862904866,-0.04423842330773671,0.1770952542622884,0.11706636846065521,0.13141001760959625,-0.042407743632793427
-0.08651991685231526,-0.042827377716700234,0.18125847975413004,0.11695089191198349,0.1312965452671051,-0.04226826876401901
-0.039254186054070786,-0.05824353794256846,0.17780405282974243,0.11689598858356476,0.131248340010643,-0.0422077476978302
-0.05779437224070231,-0.0554878016312917,0.1856860319773356,0.11662402749061584,0.1309131681919098,-0.04182257503271103
-0.05563509464263916,-0.0528165449698766,0.18234117825826007,0.11644212901592255,0.1307152807712555,-0.04158409684896469
-0.04897848268349965,-0.05531158049901326,0.18117499351501465,0.11641736328601837,0.13068746030330658,-0.04155150055885315
-0.05482081572214762,-0.05760905146598816,0.17833751440048218,0.11631588637828827,0.1305706799030304,-0.041413843631744385
-0.06944002707799275,-0.061181570092837013,0.17235247294108072,0.11626522243022919,0.1305149346590042,-0.04135186970233917
-0.06783408423264821,-0.05929093559583028,0.16600650548934937,0.11608020961284637,0.13031989336013794,-0.04114135354757309
-0.04765923321247101,-0.05918099482854207,0.15998621781667072,0.1155020147562027,0.1297195702791214,-0.04048950597643852
-0.04804609219233195,-0.06403009096781412,0.15647399425506592,0.11556601524353027,0.12976789474487305,-0.04054833948612213
-0.04919881125291188,-0.06605711579322815,0.16583875815073648,0.11550892144441605,0.1296985000371933,-0.040479205548763275
-0.047040278712908425,-0.06820624073346455,0.16581333676973978,0.11539120972156525,0.1295555680990219,-0.040330976247787476
-0.03598391513029734,-0.0700177252292633,0.171445628007253,0.1153397411108017,0.12949125468730927,-0.04026523232460022
-0.03387858470280965,-0.07061525682608286,0.17091131210327148,0.11523715406656265,0.1293528825044632,-0.04012059047818184
-0.03694370885690053,-0.07054485380649567,0.170690655708313,0.11519189924001694,0.12929044663906097,-0.04005591571331024
-0.04206422964731852,-0.07027724385261536,0.16739463806152344,0.11508767306804657,0.12915046513080597,-0.03991042822599411
-0.04532438019911448,-0.0699542909860611,0.16456449031829834,0.11503465473651886,0.12908394634723663,-0.039843812584877014
-0.04332863291104634,-0.06914409498373666,0.1655857463677724,0.11482618004083633,0.12882085144519806,-0.039576880633831024
-0.03864096353451411,-0.06873019536336263,0.16766329606374103,0.11477548629045486,0.12875577807426453,-0.039510637521743774
-0.039416534205277756,-0.06848461429278055,0.15687264005343118,0.11418512463569641,0.12798823416233063,-0.038711078464984894
-0.0399016390244166,-0.06827557583649953,0.15502852201461792,0.11412547528743744,0.12790973484516144,-0.038646161556243896
-0.0433844377597173,-0.06812002758185068,0.1517067849636078,0.11416612565517426,0.12796154618263245,-0.03869865834712982
-0.04542973140875498,-0.06593768795331319,0.14539872606595355,0.11404196918010712,0.12780389189720154,-0.03854789212346077
-0.05410062770048777,-0.05373701949914296,0.1464798847834269,0.11398430913686752,0.12773212790489197,-0.038481056690216064
-0.06196545561154683,-0.044242302576700844,0.13990570108095804,0.11371716111898422,0.12743942439556122,-0.038186460733413696
-0.06300376355648041,-0.046533520023028054,0.1670600175857544,0.11354850232601166,0.1272716522216797,-0.03801525756716728
-0.06120880444844563,-0.04928549130757649,0.1968530813852946,0.11342065036296844,0.12714335322380066,-0.03786618262529373
-0.04840261240800221,-0.049820090333620705,0.1179456114768982,0.11339481920003891,0.12711448967456818,-0.03781783580780029
-0.04395093023777008,0.06275853017965952,0.08696852127710977,0.11323749274015427,0.12693946063518524,-0.03766629844903946
-0.05721033116181691,-0.039693740506966904,0.10102938612302144,0.113132044672966,0.12695637345314026,-0.03759799897670746
-0.09363987048467,-0.05827509860197703,0.11587357521057129,0.11295340955257416,0.12677881121635437,-0.037452973425388336
-0.06568626562754312,-0.066814124584198,0.11710101366043091,0.11288734525442123,0.12671855092048645,-0.03740425407886505
-0.07246024906635284,0.08887567122777303,-0.0023304161926110583,0.0839703157544136,0.10238669812679291,-0.026584442704916
-0.114703764518102,0.08711627125740051,0.0054381464918454485,0.08388249576091766,0.1023789495229721,-0.026571232825517654
-0.06024668117364247,-0.07020372152328491,-0.0854354699452718,0.082677461206913,0.10259488224983215,-0.027121035382151604
-0.06902149816354115,-0.13590212663014728,-0.08382595578829447,0.08207245171070099,0.10193046182394028,-0.02747056446969509
-0.0747818648815155,-0.19483665625254312,-0.06825436651706696,0.08216974884271622,0.1020064577460289,-0.0274106003344059
-0.06727817157904306,-0.17767091592152912,-0.07926633457342783,0.082143634557724,0.10196322202682495,-0.027425525709986687
-0.06054826080799103,-0.20371437072753906,-0.09541619817415872,0.08208142220973969,0.10185834020376205,-0.02746204473078251
-0.02734864503145218,-0.19449404875437418,-0.0811632474263509,0.08203279972076416,0.10175856202840805,-0.02749026007950306
-0.03347952663898468,-0.18032912413279215,-0.08246152599652608,0.08202004432678223,0.10170993208885193,-0.027497384697198868
-0.06124599277973175,-0.15949811538060504,-0.07612326244513193,0.08195996284484863,0.10157515853643417,-0.027532346546649933
-0.06220149497191111,-0.15815212329228717,-0.06658586859703064,0.08183892071247101,0.10137669742107391,-0.027602793648838997
-0.12710718313852945,0.14739827315012613,0.003186614252626896,0.07972690463066101,0.09797403216362,-0.028716836124658585
-0.036865584552288055,0.11020357410113016,0.020727095504601795,0.07965314388275146,0.09800694137811661,-0.028750265017151833
0.001585245132446289,0.11838780840237935,0.031095733245213825,0.07933975011110306,0.09815040975809097,-0.02893228642642498
-0.0013467459939420223,0.058038562536239624,0.10054910182952881,0.07902030646800995,0.09840571880340576,-0.0291150975972414
-0.024285875260829926,-0.007456076641877492,-0.0647179881731669,0.07632684707641602,0.0992572009563446,-0.030359463766217232
-0.02888043721516927,-0.004304386675357819,-0.06926186879475911,0.07605592906475067,0.09896967560052872,-0.03045223280787468
-0.0450394054253896,-0.003566228784620762,-0.06404325366020203,0.07592436671257019,0.09884005784988403,-0.030501117929816246
-0.048844461639722184,-0.0006547052568445603,-0.06287231047948201,0.07565926015377045,0.09864652156829834,-0.030625266954302788
-0.024525709450244904,-0.0014406388315061727,-0.06762028733889261,0.07554212212562561,0.0985708013176918,-0.030685216188430786
-0.021330277125040688,-0.00799983429412047,-0.0748447428146998,0.07540160417556763,0.098443403840065,-0.030756888911128044
0.004896733599404493,-0.029234456519285835,-0.08624812960624695,0.07467935234308243,0.09767404198646545,-0.031121814623475075
-0.03998554746309916,-0.05714445312817891,-0.09367838501930237,0.07480236887931824,0.0977063700556755,-0.03109772503376007
-0.05509329835573832,-0.06859475374221802,-0.09192613760630289,0.0746530145406723,0.09750521928071976,-0.031178917735815048
-0.05617499351501465,-0.07652009030183156,-0.09710515538851419,0.07459002733230591,0.0974302887916565,-0.031202103942632675
-0.06461278597513834,-0.0746158460776011,-0.09063117702802022,0.0744556337594986,0.09725175052881241,-0.03126967325806618
-0.05984470248222351,-0.07206888496875763,-0.09111413359642029,0.07395105063915253,0.09663531184196472,-0.031479232013225555
-0.057232449452082314,-0.07862704992294312,-0.08980138103167215,0.07380469888448715,0.09645090997219086,-0.03154437988996506
-0.048735479513804116,-0.08513664205869038,-0.08855286240577698,0.07374535501003265,0.09637174010276794,-0.031570687890052795
-0.03999014447132746,-0.08705749114354451,-0.08796250820159912,0.07362969219684601,0.0962006002664566,-0.031624339520931244
-0.038553446531295776,-0.08940585454305013,-0.0899642805258433,0.0735248550772667,0.09603177756071091,-0.031676121056079865
-0.0413428470492363,-0.08623910943667093,-0.09145392974217732,0.07348178327083588,0.09595838189125061,-0.031699806451797485
-0.043641721208890275,-0.08570419748624165,-0.09522599975268045,0.07337456941604614,0.09578859806060791,-0.03175537288188934
-0.03967167685429255,-0.08302632470925649,-0.1004731257756551,0.07317876815795898,0.09548541903495789,-0.03186119347810745
-0.04078395664691925,-0.08323375880718231,-0.10522345701853433,0.07315334677696228,0.09544284641742706,-0.03188200294971466
-0.037680196265379585,-0.08290951450665791,-0.10706202189127603,0.07304166257381439,0.09526823461055756,-0.03195348381996155
-0.038193536301453904,-0.08299203217029572,-0.10567065080006917,0.0729949027299881,0.09519079327583313,-0.03198711574077606
-0.03538911044597626,-0.08483514189720154,-0.10507430632909139,0.07256437838077545,0.0945020243525505,-0.0322713702917099
-0.03527811666329701,-0.08745978275934854,-0.10601316889127095,0.07245980948209763,0.0943288803100586,-0.03234142065048218
-0.03546407073736191,-0.08674179514249165,-0.10619424780209859,0.07241572439670563,0.09425333142280579,-0.03237190470099449
-0.035649667183558144,-0.0861748456954956,-0.10677537322044373,0.07237018644809723,0.0941772386431694,-0.03240283578634262
-0.036034817496935524,-0.0857208768526713,-0.1072519322236379,0.07226679474115372,0.09400519728660583,-0.032473575323820114
-0.05066034694512685,-0.08549533287684122,-0.10694507757822672,0.07221996784210205,0.09392784535884857,-0.03250567615032196
-0.0612345536549886,-0.08532436688741048,-0.10695469379425049,0.0720093622803688,0.09362092614173889,-0.03263276070356369
-0.06364931166172028,-0.08514013886451721,-0.10809923211733499,0.07188040763139725,0.09344812482595444,-0.03270441293716431
-0.06786443293094635,-0.08504165212313333,-0.1083225111166636,0.07174769043922424,0.0932735875248909,-0.03277796506881714
-0.07335331042607625,-0.0849545399347941,-0.10852534572283426,0.07168440520763397,0.09319587796926498,-0.0328110009431839
-0.07142302890618642,-0.08493882417678833,-0.10848337411880493,0.07154242694377899,0.09302175790071487,-0.032884981483221054
-0.07347394029299417,-0.08495388428370157,-0.10955606897672017,0.07148102670907974,0.09294421970844269,-0.032917797565460205
-0.0814406673113505,-0.0849274198214213,-0.10095766186714172,0.07092011719942093,0.09225648641586304,-0.03321371227502823
-0.08714167277018228,-0.08586443463961282,-0.08213379482428232,0.07085278630256653,0.09217830002307892,-0.033243563026189804
-0.09102442860603333,-0.08652138710021973,-0.06402018169562021,0.07069829106330872,0.0920042097568512,-0.03329145163297653
-0.08622820178667703,-0.08793061971664429,-0.06289510428905487,0.07050380110740662,0.09179125726222992,-0.03331843018531799
-0.09123830993970235,-0.08886951208114624,-0.05068107942740122,0.07047613710165024,0.09175421297550201,-0.033323727548122406
-0.09902486205101013,-0.091032475233078,-0.04871360957622528,0.07013346254825592,0.09137354791164398,-0.03335404768586159
-0.10329546531041463,-0.09190191825230916,-0.048824409643809,0.07012801617383957,0.09137339890003204,-0.0333523154258728
-0.1132548451423645,-0.09433128436406453,-0.043159673611323036,0.06996838748455048,0.091204434633255,-0.03336683660745621
-0.12215468287467957,-0.09510146578152974,-0.04167189200719197,0.06989496946334839,0.09112992882728577,-0.0333709716796875
-0.12159655491511026,-0.09468760093053182,-0.03829675416151682,0.06973370909690857,0.09097324311733246,-0.03337831050157547
-0.12199183305104573,-0.09439611434936523,-0.037596531212329865,0.06957126408815384,0.09081526845693588,-0.03338286280632019
-0.12411174178123474,-0.09420448541641235,-0.03469018886486689,0.06897559762001038,0.09035094082355499,-0.03358263149857521
-0.12123631437619527,-0.09532564878463745,-0.0321502611041069,0.06880046427249908,0.090223029255867,-0.03365067392587662
-0.11817627151807149,-0.09645856420199075,-0.02955629676580429,0.06871844083070755,0.0901615172624588,-0.03368329629302025
-0.10974750916163126,-0.09727177023887634,-0.030658990144729614,0.06853543967008591,0.09002447128295898,-0.03375592455267906
-0.10100747148195902,-0.09738906224568684,-0.03307080765565236,0.06815386563539505,0.08971245586872101,-0.033902186900377274
-0.10151314735412598,-0.09771772225697835,-0.03441539903481801,0.06757532060146332,0.08921206742525101,-0.034122347831726074
-0.10104782382647196,-0.09845468401908875,-0.034760127464930214,0.06760888546705246,0.08923917263746262,-0.03410761430859566
-0.10115525126457214,-0.09835474689801534,-0.03524169822533925,0.06744717061519623,0.08909652382135391,-0.03416762501001358
-0.10088234146436055,-0.09826043248176575,-0.03555943816900253,0.06737534701824188,0.08903253823518753,-0.03419332206249237
-0.102073868115743,-0.09557321667671204,-0.03569907446702321,0.06721217930316925,0.08888830989599228,-0.034254081547260284
-0.10581945379575093,-0.09476937850316365,-0.03494247794151306,0.06704438477754593,0.08874304592609406,-0.034315839409828186
-0.10578573743502298,-0.09411523739496866,-0.032382458448410034,0.06687070429325104,0.08859778940677643,-0.034379854798316956
-0.10593000054359436,-0.09414745370546976,-0.030443628629048664,0.06669460982084274,0.08845238387584686,-0.03444446623325348
-0.10608485341072083,-0.09425796071688333,-0.02978068838516871,0.06661561131477356,0.08838826417922974,-0.03447326272726059
-0.1064964731534322,-0.09391469756762186,-0.029609779516855873,0.06653707474470139,0.0883234292268753,-0.03450086712837219
-0.1064929167429606,-0.09360148509343465,-0.02935827523469925,0.06618078798055649,0.08803412318229675,-0.03463057428598404
-0.10608907540639241,-0.09357272585233052,-0.0294220969080925,0.06565134227275848,0.0876036137342453,-0.034820377826690674
-0.10584265987078348,-0.09362530708312988,-0.029471183816591896,0.06557334214448929,0.08753659576177597,-0.03484277427196503
-0.10420249899228413,-0.09358387192090352,-0.029994331300258636,0.06539575755596161,0.08739101886749268,-0.03490576520562172
-0.10612464944521585,-0.09354188044865926,-0.03009268393119176,0.06531780958175659,0.08732534945011139,-0.03493181988596916
-0.10863521695137024,-0.09354828794797261,-0.030167279144128162,0.0651383101940155,0.08717785030603409,-0.03499486297369003
-0.11130230625470479,-0.09336025516192117,-0.030351869761943817,0.06481616199016571,0.08691677451133728,-0.03510677441954613
-0.11106001337369283,-0.09281488259633382,-0.029872439801692963,0.06463225930929184,0.08676932752132416,-0.0351688414812088
-0.11050872008005777,-0.09213159481684366,-0.029110198219617207,0.06454955041408539,0.08670289814472198,-0.035196173936128616
-0.11028935511906941,-0.09082205096880594,-0.0290528933207194,0.06446682661771774,0.08663718402385712,-0.03522428125143051
-0.11072835326194763,-0.08981236815452576,-0.02875333527723948,0.06427684426307678,0.08648794144392014,-0.0352897122502327
-0.11154572168986002,-0.08959989746411641,-0.028400051097075142,0.06419127434492111,0.08642056584358215,-0.03531771898269653
-0.11139736572901407,-0.08955299854278564,-0.028208004931608834,0.06399766355752945,0.08627122640609741,-0.035384051501750946
-0.10821881890296936,-0.08915141224861145,-0.027999761203924813,0.06391186267137527,0.08620403707027435,-0.035411834716796875
-0.10819595058759053,-0.08906052509943643,-0.02830559015274048,0.06371990591287613,0.0860527828335762,-0.03547653555870056
-0.10837101936340332,-0.08665021260579427,-0.03223907947540283,0.06363479793071747,0.0859847217798233,-0.03550364449620247
-0.12115563948949178,-0.08498318990071614,-0.038802340626716614,0.06343934684991837,0.08583052456378937,-0.03556898608803749
-0.11964425444602966,-0.0756924400726954,-0.047739083568255104,0.06325715780258179,0.08569619059562683,-0.03562992066144943
0.004547872270147005,-0.06441357731819153,-0.04525348047415415,0.06303399801254272,0.08553685247898102,-0.03570602089166641
-0.04836840430895487,-0.06392472982406616,-0.07151825726032257,0.06295336782932281,0.08533085882663727,-0.035718873143196106
-0.06211476027965546,-0.05709910889466603,-0.08292131125926971,0.06288398057222366,0.085238017141819,-0.035741131752729416
-0.06937042375405629,-0.05275028944015503,-0.08904421329498291,0.06269341707229614,0.08502133190631866,-0.03581281378865242
-0.06983143587907155,-0.05595917503039042,-0.11072851220766702,0.06259781122207642,0.08492177724838257,-0.03585119917988777
-0.042589445908864335,-0.058736989895502724,-0.12133088707923889,0.06238953024148941,0.08470077812671661,-0.035968370735645294
-0.0003558325891693433,-0.10104035337766011,-0.13713817795117694,0.062231458723545074,0.08448582887649536,-0.0360957607626915
-0.005762038752436638,-0.06785968442757924,-0.11932504177093506,0.06213083118200302,0.08419033885002136,-0.036255843937397
-0.022832125425338745,-0.06907911598682404,-0.09072178602218628,0.062089987099170685,0.08409984409809113,-0.036304958164691925
0.008023914570609728,-0.03657239178816477,-0.08320906261603037,0.061977725476026535,0.08389821648597717,-0.03637617081403732
0.02227749675512314,-0.0441083163022995,-0.08493821819623311,0.06172577664256096,0.08331181108951569,-0.036606695502996445
0.02223837872346242,-0.01730971410870552,-0.07939798633257547,0.06159214675426483,0.08288362622261047,-0.03676799684762955
0.005593280618389447,-0.05456908543904622,-0.09617323676745096,0.061471328139305115,0.08257859945297241,-0.03689680993556976
0.005110434566934903,-0.14877843856811523,-0.07823739945888519,0.06144534796476364,0.08252175152301788,-0.03692231327295303
-0.019498255103826523,-0.1570947766304016,-0.08096706370512644,0.061412230134010315,0.08238707482814789,-0.03694603592157364
-0.007462261865536371,-0.1557250420252482,-0.07141310473283131,0.061386480927467346,0.08233213424682617,-0.03695642203092575
-0.008840131883819897,-0.14918747544288635,-0.0635540783405304,0.06137268990278244,0.08227284252643585,-0.03696203976869583
-0.001203395426273346,-0.17503243684768677,-0.05403320491313934,0.061299823224544525,0.08203381299972534,-0.03698915243148804
-0.002786030061542988,-0.14859846234321594,-0.05156189699967702,0.06127016246318817,0.08191266655921936,-0.03699696063995361
-0.004223269720872243,-0.15517794092496234,-0.05099304020404816,0.061232272535562515,0.0817771852016449,-0.037005309015512466
-0.013440543164809544,-0.1613149344921112,-0.038758888840675354,0.0611673928797245,0.0815434530377388,-0.0370187982916832
-0.008068188404043514,-0.167519470055898,-0.032538918157418564,0.061125606298446655,0.08141829818487167,-0.0370141938328743
-0.0058633654067913685,-0.17560279369354248,-0.04015397528807322,0.061060115694999695,0.08117295801639557,-0.03700709342956543
0.025907871623833973,-0.1736976106961568,-0.03993601848681767,0.061038270592689514,0.08108159154653549,-0.03701179474592209
0.016616859783728916,-0.17729316155115762,-0.027707785367965698,0.061021219938993454,0.0809595137834549,-0.03701290488243103
0.011729951947927475,-0.1791670521100362,-0.029310869673887886,0.06101188436150551,0.08090576529502869,-0.03701091557741165
-0.004057640520234902,-0.10665057102839151,-0.030139803886413574,0.060989052057266235,0.08078621327877045,-0.037007175385951996
-0.01359054942925771,-0.12211959560712178,-0.016909857590993244,0.06076229736208916,0.08013389259576797,-0.03698281943798065
-0.01597414414087931,-0.09504105647404988,-0.04301736752192179,0.060730352997779846,0.08005815744400024,-0.03696291148662567
-0.01705446094274521,-0.09837036331494649,-0.03255384415388107,0.06069616228342056,0.07999967783689499,-0.036980725824832916
-0.051444828510284424,-0.09624345103899637,-0.032315934697786965,0.06062000244855881,0.07982535660266876,-0.03697626292705536
-0.07517967621485391,-0.07342579960823059,-0.015174955129623413,-0.005795301869511604,-0.021790172904729843,-0.03570495545864105
-0.10285102327664693,-0.053376346826553345,-0.032168664038181305,-0.008498604409396648,-0.02241368219256401,-0.03595311939716339
-0.10884142915407816,-0.0471584399541219,-0.04551733036835988,-0.0088268481194973,-0.022520694881677628,-0.035939376801252365
-0.10170934597651163,-0.053726926445961,-0.03784029930830002,-0.010342699475586414,-0.022637464106082916,-0.036287181079387665
-0.11574425299962361,-0.05188941955566406,-0.047171905636787415,-0.010499732568860054,-0.022665943950414658,-0.036307889968156815
-0.11302072803179422,-0.038665756583213806,-0.030629230042298634,-0.030710909515619278,-0.02348765730857849,-0.04158586636185646
-0.11282862226168314,-0.038351001838843025,-0.0430691788593928,-0.03108479082584381,-0.02355588972568512,-0.04153543710708618
-0.1059008240699768,-0.03201424827178319,-0.039952496687571205,-0.035288866609334946,-0.023341283202171326,-0.04229191690683365
-0.10740015904108682,-0.04042398929595947,-0.028964226444562275,-0.10104763507843018,0.004093918949365616,-0.06084618717432022
-0.10769704977671304,-0.04242705305417378,-0.05107355614503224,-0.10059804469347,0.00324958935379982,-0.060241274535655975
-0.10990490516026814,-0.04217265546321869,-0.051272913813591,-0.10093701630830765,0.003872852772474289,-0.06068455055356026
-0.1103567878405253,-0.032298664251963295,-0.05074493587017059,-0.10336863994598389,0.008899535983800888,-0.06412512063980103
-0.10929445425669351,-0.03371404359738032,-0.05079679191112518,-0.10315283387899399,0.008450116962194443,-0.06384040415287018
-0.10984417796134949,-0.044000873963038124,-0.051407188177108765,-0.10325051844120026,0.00865907222032547,-0.06397522985935211
-0.07470154762268066,-0.025846680005391438,-0.08668842911720276,0.11874914169311523,0.1331220269203186,-0.044259727001190186
-0.059338703751564026,-0.03070826083421707,-0.08681165178616841,0.11543530225753784,0.13038946688175201,-0.04500100016593933
-0.04065130402644475,-0.03281467159589131,-0.07897517085075378,0.11512443423271179,0.13010060787200928,-0.04507902264595032
-0.034782941142717995,-0.035328783094882965,-0.07850983738899231,0.11385196447372437,0.12876227498054504,-0.04536551237106323
-0.03363800297180811,-0.03998982906341553,-0.07678547501564026,0.11318190395832062,0.1280171275138855,-0.04552163556218147
-0.03504134714603424,-0.03979978462060292,-0.07676880558331807,0.11255306005477905,0.12729230523109436,-0.045661721378564835
-0.03917074203491211,-0.04261183242003123,-0.0740645925203959,0.11226300895214081,0.12696096301078796,-0.045726507902145386
-0.045571217934290566,-0.045127948125203446,-0.07393419245878854,0.11198030412197113,0.12664133310317993,-0.04578305035829544
-0.04653215905030568,-0.04613244036833445,-0.07137834032376607,0.11133834719657898,0.12593629956245422,-0.04590395465493202
-0.047476703921953835,-0.04582672814528147,-0.07176254689693451,0.11055447161197662,0.1250772923231125,-0.046029768884181976
-0.04658137758572896,-0.04503273467222849,-0.07228809098402658,0.10938814282417297,0.12380927801132202,-0.04622742906212807
-0.046562617023785904,-0.045950695872306824,-0.07052938640117645,0.10922355949878693,0.12362716346979141,-0.046261265873909
-0.04603595038255055,-0.04747691750526428,-0.07088185350100198,0.10857242345809937,0.12291353195905685,-0.04636836796998978
-0.04456386466821034,-0.05313244958718617,-0.07100528975327809,0.10828462243080139,0.12258869409561157,-0.046418238431215286
-0.04418275753657023,-0.05449081460634867,-0.07121533155441284,0.1074565052986145,0.12160562723875046,-0.046561166644096375
-0.05379735430081685,-0.06032869219779968,-0.07134753962357838,0.1057312861084938,0.11959868669509888,-0.04684491083025932
-0.057624538739522294,-0.06421696146329244,-0.07101790110270181,0.10512596368789673,0.1189117282629013,-0.04694259539246559
-0.05737936496734619,-0.064523180325826,-0.07215049366156259,0.1048700213432312,0.11862259358167648,-0.04698094353079796
-0.011284523953994114,-0.06409193575382233,-0.07252480586369832,0.10460737347602844,0.11832384765148163,-0.04702431336045265
-0.0027482829367121058,-0.06279573341210683,-0.05375052491823832,0.10417750477790833,0.11764368414878845,-0.04712197929620743
-0.004895457377036412,-0.053960829973220825,-0.018690284341573715,0.1034776121377945,0.11645687371492386,-0.047169238328933716
-0.03600170214970906,-0.01752809310952822,-0.07084532082080841,0.10302544385194778,0.11573949456214905,-0.04705379903316498
-0.03349976489941279,0.004128674666086832,-0.09846126039822896,0.10263029485940933,0.11535800993442535,-0.04712492972612381
-0.03435038526852925,0.01804890359441439,-0.09418213367462158,0.10173825919628143,0.11462653428316116,-0.047465935349464417
-0.028317277630170185,0.01856143275896708,-0.0950248638788859,0.10133837908506393,0.11434125900268555,-0.04760617017745972
-0.028605041404565174,0.010337034240365028,-0.09274289011955261,0.10091869533061981,0.11402969062328339,-0.0477626770734787
-0.01097489520907402,0.005157969581584135,-0.09017769495646158,0.09998449683189392,0.1132790595293045,-0.04809177666902542
-0.04061053444941838,-0.05578152338663737,-0.09575466314951578,0.09948895871639252,0.11279430985450745,-0.04828260838985443
-0.06814400851726532,-0.08508747816085815,-0.09395559628804524,0.09888613224029541,0.11206651479005814,-0.04848974943161011
-0.06032639741897583,-0.10166699687639871,-0.10094716151555379,0.09864933043718338,0.11178560554981232,-0.048555903136730194
-0.06931432584921518,-0.10963371396064758,-0.10549107193946838,0.09789451211690903,0.11076968908309937,-0.04880726337432861
-0.07148658235867818,-0.10887701312700906,-0.10829010605812073,0.09623056650161743,0.10857352614402771,-0.049374066293239594
-0.07909651597340901,-0.10837750633557637,-0.1094532310962677,0.09579730033874512,0.10801024734973907,-0.049528006464242935
-0.08856246868769327,-0.10857610901196797,-0.11040493845939636,0.09533649682998657,0.10743853449821472,-0.04968778043985367
-0.07947061955928802,-0.1099447210629781,-0.11460681756337483,0.09510624408721924,0.10718299448490143,-0.04976193606853485
-0.07076778014500935,-0.1120207111040751,-0.11967404683430989,0.0946550965309143,0.10662052035331726,-0.04993114247918129
-0.05853946506977081,-0.11646565794944763,-0.1199564238389333,0.09409551322460175,0.1058090478181839,-0.05019446462392807
-0.054355780283610024,-0.11572971940040588,-0.11626381675402322,0.0929810032248497,0.10418589413166046,-0.05070343241095543
0.018196646124124527,-0.09126031398773193,0.06227115790049235,0.09281384944915771,0.103936105966568,-0.05077817291021347
0.0017528031021356583,-0.10129223267237344,-0.01855091998974482,0.09257446229457855,0.10330075770616531,-0.05041446536779404
-0.01984365160266558,-0.10909643769264221,-0.09676530957221985,0.09245651215314865,0.10303309559822083,-0.05037381500005722
-0.04203347861766815,-0.11632251739501953,-0.10954797267913818,0.09214803576469421,0.10244984924793243,-0.05050164461135864
-0.05909737447897593,-0.11377592881520589,-0.11200777689615884,0.09153442084789276,0.10144887119531631,-0.05077192932367325
-0.06911803781986237,-0.11326637864112854,-0.10618450244267781,0.09113696217536926,0.10088029503822327,-0.05093427747488022
-0.07788904011249542,-0.11293806632359822,-0.10339118043581644,0.09094424545764923,0.10062213242053986,-0.05100144445896149
-0.08441585302352905,-0.11144566535949707,-0.10107466578483582,0.0904901921749115,0.1000465452671051,-0.051143646240234375
-0.08887835343678792,-0.11047212282816568,-0.10019982854525247,0.09026077389717102,0.09978220611810684,-0.051203999668359756
-0.09012529253959656,-0.10992928345998128,-0.09637283285458882,0.09002429246902466,0.09951312094926834,-0.051266640424728394
-0.08535177508989969,-0.10846197605133057,-0.09048096338907877,0.08913321793079376,0.09847518056631088,-0.05149174481630325
-0.08396745721499124,-0.10837048292160034,-0.08875285585721333,0.08863727748394012,0.09787635505199432,-0.05159392207860947
-0.0791696310043335,-0.10747841993967691,-0.08886493245760599,0.0881337970495224,0.09727315604686737,-0.051703959703445435
-0.08128693699836731,-0.10662827889124551,-0.08853666981061299,0.08791555464267731,0.0970052182674408,-0.051753364503383636
-0.08250507712364197,-0.10650568207105,-0.08823874592781067,0.08741147816181183,0.09639707207679749,-0.05186446011066437
-0.08591711521148682,-0.10690092047055562,-0.08823127547899881,0.0869525820016861,0.09585480391979218,-0.051962919533252716
-0.08573461572329202,-0.10684650142987569,-0.08822162946065266,0.08516121655702591,0.09375220537185669,-0.05233938992023468
-0.09193667769432068,-0.10770731170972188,-0.08767947554588318,0.08492853492498398,0.09347840398550034,-0.0523889996111393
-0.09291480978329976,-0.11107054352760315,-0.08953536550203958,0.08439025282859802,0.09286467730998993,-0.05249793827533722
-0.09276012579600015,-0.11082808176676431,-0.08980364600817362,0.08415398001670837,0.09259212017059326,-0.05254816636443138
-0.09382120768229166,-0.11032817761103311,-0.08982919653256734,0.08362670242786407,0.09198459982872009,-0.05266055464744568
-0.0950136383374532,-0.11012665430704752,-0.0895700752735138,0.08246605098247528,0.09066279232501984,-0.052904292941093445
-0.10131752490997314,-0.10997493068377176,-0.08965234955151875,0.08149731159210205,0.0895698219537735,-0.05310419201850891
-0.10652291774749756,-0.10961830615997314,-0.09071640173594156,0.08092868328094482,0.08894796669483185,-0.053219132125377655
-0.10572166244188944,-0.10975929101308186,-0.09071342150370279,0.0806589126586914,0.08867159485816956,-0.05327397957444191
-0.10434365272521973,-0.11112515131632486,-0.0907870332400004,0.08007913827896118,0.08805320411920547,-0.053391702473163605
-0.10464310646057129,-0.11218446493148804,-0.08947780728340149,0.07882482558488846,0.08669260144233704,-0.053647179156541824
-0.10394031802813211,-0.11203194657961527,-0.08911142746607462,0.07825397700071335,0.08607282489538193,-0.05375967174768448
-0.10463831822077432,-0.11193086703618367,-0.08860812584559122,0.07800160348415375,0.08579681068658829,-0.05380889028310776
-0.10663744807243347,-0.11187646786371866,-0.08869181076685587,0.07774618268013,0.0855211615562439,-0.053857117891311646
-0.1062228778998057,-0.11196268598238626,-0.08899078766504923,0.07715994119644165,0.08489256352186203,-0.05396883562207222
-0.10670832792917886,-0.1118872066338857,-0.09024818738301595,0.07689977437257767,0.08461187034845352,-0.05401984974741936
-0.10644461711247762,-0.11162042617797852,-0.09037096301714578,0.0758688747882843,0.08350754529237747,-0.05422407388687134
-0.10857709248860677,-0.11186007658640543,-0.09531413515408833,0.07527627050876617,0.08287248015403748,-0.05434232950210571
-0.10959460337956746,-0.11184381445248921,-0.09907146294911702,0.07500879466533661,0.0825888067483902,-0.054402392357587814
-0.11068917314211527,-0.11509383718172708,-0.11047696073849995,0.07440854609012604,0.08195605129003525,-0.05454809591174126
-0.1039879818757375,-0.11909374594688416,-0.12424767017364502,0.07415001839399338,0.08167713135480881,-0.05464605987071991
-0.09577329953511556,-0.12038238843282063,-0.13016805052757263,0.07390676438808441,0.08140324056148529,-0.05474075675010681
-0.09588791926701863,-0.12171168128649393,-0.12938140829404193,0.07299239933490753,0.08031710237264633,-0.05514519661664963
-0.09672700365384419,-0.12109744548797607,-0.12426027655601501,0.07276647537946701,0.08004730939865112,-0.055243927985429764
-0.09611532092094421,-0.11981752514839172,-0.12337514758110046,0.0725349634885788,0.0797729343175888,-0.05533778294920921
-0.09646313389142354,-0.11960333585739136,-0.12256065011024475,0.07200906425714493,0.07915125787258148,-0.055548906326293945
-0.0965454081694285,-0.11939757068951924,-0.12292560935020447,0.07177334278821945,0.07887466996908188,-0.0556405708193779
-0.09772254029909769,-0.11932645241419473,-0.12422334154446919,0.07153844833374023,0.07859835028648376,-0.055734001100063324
-0.09461273749669392,-0.11914139986038208,-0.1276950140794118,0.07009333372116089,0.07691017538309097,-0.05631566792726517
-0.09322499235471089,-0.11911776661872864,-0.12941905856132507,0.07008007913827896,0.07688421756029129,-0.05633571743965149
-0.08778546253840128,-0.1194137434164683,-0.13243108987808228,0.06955942511558533,0.07626044750213623,-0.05656706541776657
-0.08878523111343384,-0.11930530269940694,-0.13391295075416565,0.06933476030826569,0.07598186284303665,-0.056674398481845856
-0.08962902426719666,-0.11958207686742146,-0.13641231258710224,0.06910396367311478,0.0756976529955864,-0.056786131113767624
-0.08964319030443826,-0.11956604321797688,-0.13770208756128946,0.06858642399311066,0.0750625804066658,-0.05704350769519806
-0.0896856685479482,-0.12066723903020223,-0.1406067411104838,0.06807050108909607,0.07442963123321533,-0.057304173707962036
-0.08601213494936624,-0.12070379654566446,-0.143376221259435,0.06716278940439224,0.07330973446369171,-0.0577794574201107
-0.08406788110733032,-0.1216794749101003,-0.14412670334180194,0.06705503165721893,0.0731627494096756,-0.05785033851861954
-0.08413562178611755,-0.12167400121688843,-0.14269821842511493,0.06656195223331451,0.07252924144268036,-0.05812880024313927
-0.08432763814926147,-0.12167608737945557,-0.14183030525843301,0.06634176522493362,0.0722467303276062,-0.05825082212686539
-0.08446780840555826,-0.12180554866790771,-0.14181564251581827,0.06612160801887512,0.07196460664272308,-0.058371398597955704
-0.08492952585220337,-0.12177725632985432,-0.14286893606185913,0.06352818757295609,0.06863392889499664,-0.0597975067794323
-0.08522197604179382,-0.12180199225743611,-0.14317405223846436,0.06330131739377975,0.06834433972835541,-0.05992266535758972
-0.08527246117591858,-0.12135576208432515,-0.14303704102834064,0.06191585212945938,0.06657540798187256,-0.06069174408912659
-0.08439389864603677,-0.12128864725430806,-0.14344564080238342,0.061892103403806686,0.06654833257198334,-0.06070282310247421
-0.084587295850118,-0.12095550696055093,-0.14327205220858255,0.06049639359116554,0.06476140022277832,-0.061484165489673615
-0.08177224298318227,-0.12118023633956909,-0.14451255400975543,0.05997822433710098,0.06410102546215057,-0.061772167682647705
-0.08199024200439453,-0.12271685401598612,-0.14560272296269733,0.05947183445096016,0.06344226002693176,-0.062063440680503845
-0.0814058929681778,-0.12402565280596414,-0.14562088251113892,0.05885844677686691,0.06263585388660431,-0.06242288649082184
-0.08039288222789764,-0.12532492478688556,-0.14576157927513123,0.058357276022434235,0.06197226792573929,-0.06271553039550781
-0.08058856427669525,-0.12634362777074176,-0.14571473002433777,0.057032886892557144,0.060190849006175995,-0.06349869817495346
-0.08050093054771423,-0.12720370292663574,-0.14564725756645203,0.05681252479553223,0.059894151985645294,-0.06362786889076233
-0.08092079063256581,-0.12726651628812152,-0.1454122761885325,0.05633283406496048,0.059244170784950256,-0.06390954554080963
-0.0787707765897115,-0.12868520617485046,-0.14535305897394815,0.056117214262485504,0.0589541457593441,-0.06403408199548721
-0.08340833584467569,-0.12976625561714172,-0.145273357629776,0.05554980784654617,0.05816005542874336,-0.06437335163354874
-0.08317450682322183,-0.12998147805531818,-0.1451979080835978,0.05542353540658951,0.058005191385746,-0.06443701684474945
-0.08133383591969807,-0.13030698895454407,-0.1460322141647339,0.05456981062889099,0.05685250461101532,-0.06492703408002853
-0.08112124105294545,-0.13113809625307718,-0.14547408620516458,0.05409495532512665,0.05620243772864342,-0.06520524621009827
-0.08063636223475137,-0.13242235779762268,-0.14541887243588764,0.05388367921113968,0.055909715592861176,-0.06532706320285797
-0.07912550866603851,-0.1337009270985921,-0.14734147985776264,0.053413599729537964,0.05525561049580574,-0.06560160219669342
-0.07763313253720601,-0.13348097602526346,-0.1489320894082387,0.05320601165294647,0.054962027817964554,-0.06572666019201279
-0.07472124199072519,-0.13330334424972534,-0.1501916448275248,0.0530010387301445,0.054669275879859924,-0.06585389375686646
-0.072340855995814,-0.1332148313522339,-0.15099771817525226,0.05221369490027428,0.05351703613996506,-0.06636488437652588
-0.07092747588952382,-0.1331353684266408,-0.151342769463857,0.051784347742795944,0.05286896228790283,-0.06665672361850739
-0.07145731151103973,-0.13337956865628559,-0.15124026934305826,0.05134514346718788,0.0522083044052124,-0.06695319712162018
-0.07189656297365823,-0.13388773798942566,-0.15121556321779886,0.05038481205701828,0.050765182822942734,-0.06760138273239136
-0.07456296185652414,-0.13435731331507364,-0.15119150280952454,0.05037206411361694,0.050749439746141434,-0.06760568171739578
-0.07670160134633382,-0.1345922350883484,-0.1500016152858734,0.04915092885494232,0.04894966632127762,-0.06840921938419342
-0.07733268042405446,-0.1349647243817647,-0.14976613720258075,0.04912145435810089,0.048919666558504105,-0.06841600686311722
-0.0772058367729187,-0.13646756609280902,-0.14881624778111774,0.04891388118267059,0.04862070083618164,-0.06854589283466339
-0.07724057634671529,-0.13713447252909342,-0.149024228254954,0.04846256226301193,0.04796350747346878,-0.06882636249065399
-0.07737697660923004,-0.13737181822458902,-0.14913957317670185,0.04826097935438156,0.04766949266195297,-0.06895139068365097
-0.07729003330071767,-0.1378089388211568,-0.14914109309514362,0.04781132936477661,0.04701251536607742,-0.06923145055770874
-0.0774751752614975,-0.13860090573628742,-0.14937285582224527,0.047268666326999664,0.04621495306491852,-0.06957115232944489
-0.07680259644985199,-0.1393120288848877,-0.14853524168332416,0.04682216793298721,0.045558907091617584,-0.06984962522983551
-0.07285394767920175,-0.13977885246276855,-0.14895104368527728,0.04637964069843292,0.044902682304382324,-0.0701240599155426
-0.07309167087078094,-0.14026176929473877,-0.1490267515182495,0.04618826135993004,0.04460946470499039,-0.07024659216403961
-0.07285612324873605,-0.14021354913711548,-0.14933570226033527,0.04576114937663078,0.04395332932472229,-0.07052114605903625
-0.07213742534319559,-0.14030380050341287,-0.1493884523709615,0.04556627571582794,0.04365410655736923,-0.0706464871764183
-0.07380507389704385,-0.14036712050437927,-0.1491360068321228,0.045134879648685455,0.04298605024814606,-0.07092712819576263
-0.07344639301300049,-0.14086256424585977,-0.14914506673812866,0.04493946582078934,0.04268818721175194,-0.07105143368244171
-0.07336671650409698,-0.14092086752255756,-0.14949331680933634,0.044505566358566284,0.04202166199684143,-0.07132963091135025
-0.07337090373039246,-0.14092698693275452,-0.14971520503362018,0.04431203752756119,0.04172442853450775,-0.07145438343286514
-0.07318395376205444,-0.141114870707194,-0.14970959226290384,0.044118691235780716,0.041427772492170334,-0.07157863676548004
-0.07274131973584493,-0.14184432228406268,-0.15050853292147318,0.04118936508893967,0.036890704184770584,-0.07349856197834015
-0.0743441085020701,-0.14365261793136597,-0.1500546137491862,0.0409931018948555,0.03658648580312729,-0.07362659275531769
-0.0741011252005895,-0.14391812682151794,-0.14962028463681537,0.04054974019527435,0.03590107336640358,-0.07391071319580078
-0.07660346726576486,-0.14439353346824646,-0.14851887027422586,0.04010898619890213,0.035217322409152985,-0.07419201731681824
-0.0791899561882019,-0.14553579688072205,-0.14771767457326251,0.03990259766578674,0.03491075709462166,-0.07431277632713318
-0.08542660872141519,-0.14585548639297485,-0.1440364321072896,0.039455655962228775,0.034240685403347015,-0.0745789110660553
-0.08575754364331563,-0.14631259441375732,-0.14409019549687702,0.03887513279914856,0.033427659422159195,-0.07487855106592178
-0.08295842011769612,-0.14771037300427753,-0.14442516366640726,0.03838697820901871,0.03273073211312294,-0.07513995468616486
-0.07923591136932373,-0.14836392800013223,-0.14476624131202698,0.03818293288350105,0.03243102505803108,-0.0752517580986023
-0.07624164720376332,-0.14876664678255716,-0.14533268411954242,0.03774220496416092,0.03175988048315048,-0.07550306618213654
-0.07396391034126282,-0.1490451693534851,-0.14699445168177286,0.03731422871351242,0.031089849770069122,-0.0757552832365036
-0.07158437371253967,-0.14921225110689798,-0.14830864469210306,0.035348691046237946,0.027919813990592957,-0.07699252665042877
-0.07188438872496286,-0.14976359407107034,-0.14813798666000366,0.035495031625032425,0.028145872056484222,-0.07690441608428955
-0.07269864281018575,-0.15089541673660278,-0.1476759910583496,0.03507173806428909,0.02745399996638298,-0.07717318832874298
-0.07325463990370432,-0.15347467859586078,-0.14764803647994995,0.03434113413095474,0.02625833824276924,-0.07763376832008362
-0.07990277310212453,-0.15397076805432636,-0.1461169918378194,0.034241631627082825,0.026092685759067535,-0.07769089192152023
-0.09427465995152791,-0.15583540002504984,-0.14039933681488037,0.03304366394877434,0.024220455437898636,-0.07838556915521622
-0.09279733896255493,-0.15762019157409668,-0.14066125949223834,0.032181620597839355,0.023013528436422348,-0.07878895848989487
-0.09222040573755899,-0.1590011715888977,-0.14101804296175638,0.0320838987827301,0.022865571081638336,-0.07883433252573013
-0.08957034349441528,-0.16153403123219806,-0.14132473866144815,0.03161722421646118,0.022191651165485382,-0.07905612885951996
-0.0882178246974945,-0.16436221202214557,-0.14062042037645975,0.0314292386174202,0.021897844970226288,-0.07915028929710388
-0.08759726087252298,-0.16711050271987915,-0.14079774419466654,0.030820472165942192,0.02095109224319458,-0.07944716513156891
-0.08422947923342386,-0.1728647748629252,-0.14093864957491556,0.02904489077627659,0.018149543553590775,-0.08034197986125946
-0.08349018295605977,-0.17608360449473062,-0.14104591806729633,0.029231205582618713,0.018413059413433075,-0.08024658262729645
-0.08345001935958862,-0.17756728331247965,-0.14102707306543985,0.02878899686038494,0.017651010304689407,-0.08047448098659515
-0.08225574096043904,-0.1774859031041463,-0.14108224709828693,0.02871028520166874,0.01751585304737091,-0.08051033318042755
-0.07858283817768097,-0.17752806345621744,-0.14171429475148517,0.02854711003601551,0.017234552651643753,-0.08059282600879669
-0.07866060237089792,-0.17729318141937256,-0.14170714219411212,0.027927113696932793,0.016123473644256592,-0.08092692494392395
-0.07858066260814667,-0.177716592947642,-0.1418809692064921,0.02757704071700573,0.015499606728553772,-0.08111276477575302
-0.08088006575902303,-0.17749710877736408,-0.14208655556042987,0.027220487594604492,0.014862645417451859,-0.08130237460136414
-0.08159006138642629,-0.17783254384994507,-0.1419614553451538,0.027053644880652428,0.014579694718122482,-0.08138692378997803
-0.08469551801681519,-0.1791577935218811,-0.141447772582372,0.026890210807323456,0.014296278357505798,-0.08147072792053223
-0.08463719487190247,-0.1796119213104248,-0.14136986931165058,0.026150457561016083,0.013036008924245834,-0.08183854818344116
-0.08717454473177591,-0.1829944054285685,-0.14094339807828266,0.02506829984486103,0.011172674596309662,-0.08239639550447464
-0.08738752206166585,-0.1836591362953186,-0.1406277318795522,0.024418272078037262,0.01006750762462616,-0.0827113687992096
-0.08728406826655069,-0.18481953938802081,-0.14049950242042542,0.024253791198134422,0.00978882610797882,-0.08278882503509521
-0.08711976806322733,-0.18498645226160684,-0.14050931731859842,0.02388710342347622,0.009163063019514084,-0.08296121656894684
-0.08957217137018839,-0.18483787775039673,-0.139597217241923,0.022340696305036545,0.008394330739974976,-0.08449020981788635
-0.08919275800387064,-0.1847171187400818,-0.14062122503916422,0.022406265139579773,0.008256230503320694,-0.08432859182357788
-0.08893783887227376,-0.18454011281331378,-0.14123719930648804,0.021971143782138824,0.008467134088277817,-0.08491383492946625
-0.08872920274734497,-0.18438212076822916,-0.1417679488658905,0.02173483371734619,0.008542284369468689,-0.08524206280708313
-0.08944653471310933,-0.1853056748708089,-0.14192423224449158,0.021018318831920624,0.009021013975143433,-0.08624592423439026
-0.08683474858601888,-0.18611987431844074,-0.1420519749323527,0.019874513149261475,0.009788215160369873,-0.08788465708494186
-0.08335582415262857,-0.18899651368459064,-0.14223380883534747,0.019178438931703568,0.010288074612617493,-0.08890429884195328
-0.08201174437999725,-0.19107812643051147,-0.14289358258247375,0.019013892859220505,0.010375440120697021,-0.08913832902908325
-0.08080848058064778,-0.19115408261617023,-0.1434100866317749,0.018650658428668976,0.010726500302553177,-0.08972445130348206
-0.08174383143583933,-0.19088075558344522,-0.14340351025263467,0.01849241554737091,0.010853178799152374,-0.08997142314910889
-0.08208439250787099,-0.19166459639867145,-0.1435237924257914,0.017106730490922928,0.012417316436767578,-0.09232470393180847
-0.08324400583902994,-0.19152379035949707,-0.14346735676129657,0.016767721623182297,0.012749709188938141,-0.09286641329526901
-0.07843585809071858,-0.19220227003097534,-0.1434616943200429,0.016617801040410995,0.012918293476104736,-0.09311220049858093
-0.07445715367794037,-0.19304341077804565,-0.1437032123406728,0.016295718029141426,0.013363450765609741,-0.09368662536144257
-0.0749806116024653,-0.19321062167485553,-0.14294078946113586,0.016161415725946426,0.013541843742132187,-0.09393055737018585
-0.0754903107881546,-0.19287548462549844,-0.14230080445607501,0.01585916243493557,0.01400105282664299,-0.09449413418769836
-0.07585737109184265,-0.19267706076304117,-0.1418718695640564,0.015330150723457336,0.014847323298454285,-0.09549383819103241
-0.07604439059893289,-0.19257748126983643,-0.14195218682289124,0.015259267762303352,0.0149315744638443,-0.09560270607471466
-0.07593858738740285,-0.19185064236323038,-0.14199894666671753,0.01496190670877695,0.015421494841575623,-0.09615717828273773
-0.07607178886731465,-0.19172648588816324,-0.14215263724327087,0.014830412343144417,0.01563626527786255,-0.09640249609947205
-0.07855273286501566,-0.19171295563379923,-0.14230544368426004,0.014536326751112938,0.0161614790558815,-0.09696109592914581
-0.08181838691234589,-0.19169274965922037,-0.14231377840042114,0.014398762956261635,0.016395747661590576,-0.09720878303050995
-0.08211031059424082,-0.19166988134384155,-0.1424155334631602,0.013220570050179958,0.018723268061876297,-0.09946560859680176
-0.08364975452423096,-0.1911727786064148,-0.14220305283864337,0.01309189759194851,0.018983446061611176,-0.09971746802330017
-0.08456347386042276,-0.18984427054723102,-0.14216319719950357,0.012798442505300045,0.0196031853556633,-0.10026058554649353
-0.0846269925435384,-0.18971659739812213,-0.1416743497053782,0.01266755722463131,0.019889671355485916,-0.10050909966230392
-0.08911804358164468,-0.1898322304089864,-0.14166729648907977,0.01237559225410223,0.020531803369522095,-0.10104554891586304
-0.09062557419141133,-0.18923791249593097,-0.14082648356755573,0.011845715343952179,0.021738708019256592,-0.10200884938240051
-0.09011190136273702,-0.18824537595113117,-0.14084322253863016,0.01155142579227686,0.022416722029447556,-0.10252733528614044
-0.08973116676012674,-0.1878828207651774,-0.14106646180152893,0.011417003348469734,0.022765692323446274,-0.10278564691543579
-0.08947516481081644,-0.18744446833928424,-0.14111844698588052,0.011288819834589958,0.02310638129711151,-0.10303422808647156
-0.08941566944122314,-0.1918494900067647,-0.14243250091870624,0.010997278615832329,0.02383830025792122,-0.10355307161808014
-0.08504364887873331,-0.18821374575297037,-0.1434363822142283,0.010725948959589005,0.02457446977496147,-0.10405613481998444
-0.08509311079978943,-0.1854839324951172,-0.14344652493794757,0.010404677130281925,0.02561343088746071,-0.1047324687242508
-0.08489174644152322,-0.18302478392918903,-0.14343246817588806,0.010336291044950485,0.025782398879528046,-0.104840487241745
-0.08492822448412576,-0.18133209149042764,-0.14308685064315796,0.010217897593975067,0.02621113508939743,-0.1051071286201477
-0.08446962634722391,-0.1811426877975464,-0.14307810862859088,0.0100967176258564,0.02661173790693283,-0.10535166412591934
-0.0841006338596344,-0.18117352326711017,-0.14316236972808838,0.009828118607401848,0.027466241270303726,-0.10585780441761017
-0.08261790374914804,-0.18135954936345416,-0.14490944147109985,0.009570158086717129,0.02835414558649063,-0.10636059939861298
-0.08155707518259683,-0.18144561847050983,-0.14593714475631714,0.00903636496514082,0.030576348304748535,-0.10751906037330627
-0.08218823373317719,-0.1803406278292338,-0.14586196343104044,0.00903594121336937,0.030579824000597,-0.10752072930335999
-0.08247760434945424,-0.17910685141881305,-0.1458146075407664,0.00893380120396614,0.031157799065113068,-0.10779908299446106
-0.08373180031776428,-0.17556373278299967,-0.14558841784795123,0.008692527189850807,0.03208248317241669,-0.10823012888431549
-0.08691592017809549,-0.17335087060928345,-0.14465853571891785,0.008587749674916267,0.032734647393226624,-0.10851859301328659
-0.09122338891029358,-0.17367867628733316,-0.14388064543406168,0.011479844339191914,0.03372177854180336,-0.10879071056842804
-0.09072056412696838,-0.17384288708368936,-0.14381953080495197,0.012418342754244804,0.033840361982584,-0.10878527164459229
-0.09037582079569498,-0.172167698542277,-0.14409178495407104,0.012525826692581177,0.03385971114039421,-0.10878671705722809
-0.08449932932853699,-0.17026251554489136,-0.1507564584414164,0.013060472905635834,0.033901311457157135,-0.10877084732055664
-0.07632957895596822,-0.16627810398737589,-0.15875807404518127,0.01332608051598072,0.03393169865012169,-0.10876639932394028
-0.07108636697133382,-0.16320468982060748,-0.17152655124664307,0.014531508088111877,0.03399829939007759,-0.10871294885873795
-0.06141379475593567,-0.1609050134817759,-0.17707590262095133,0.018239889293909073,0.03425809368491173,-0.10852663218975067
-0.05657872557640076,-0.15826409061749774,-0.17786383628845215,0.01860925555229187,0.03440627083182335,-0.10855356603860855
-0.051627750198046364,-0.15701578060785928,-0.17968771855036417,0.01902633160352707,0.03444068133831024,-0.10852974653244019
-0.0513388067483902,-0.15443070729573566,-0.18246267239252725,0.019996289163827896,0.03450041264295578,-0.10846295952796936
-0.049381524324417114,-0.15259707967440286,-0.18334694703420001,0.02044406160712242,0.0345570333302021,-0.10844217240810394
-0.048302079240481056,-0.15065684914588928,-0.18530946969985962,0.022266332060098648,0.03466900438070297,-0.10830022394657135
-0.049625933170318604,-0.149929275115331,-0.18523621559143066,0.02328559197485447,0.03478467836976051,-0.10823491215705872
-0.05051419138908386,-0.15001885096232095,-0.18518924713134766,0.02428552880883217,0.03487817943096161,-0.1081579253077507
-0.050448144475618996,-0.15060661236445108,-0.18443004290262857,0.024721290916204453,0.03492302447557449,-0.1081244945526123
-0.05058463911215464,-0.15089546640714008,-0.1852871576944987,0.025684311985969543,0.0350191593170166,-0.10804606229066849
-0.0507132609685262,-0.1503763397534688,-0.18556815385818481,0.026116710156202316,0.0350654199719429,-0.10801059007644653
-0.04935147364934285,-0.15059191981951395,-0.18594586849212646,0.027062641456723213,0.035164862871170044,-0.10792911052703857
-0.049724554022153214,-0.1506638725598653,-0.1862285534540812,0.027488870546221733,0.035212721675634384,-0.10789214074611664
-0.049816519021987915,-0.15041069189707437,-0.18618017435073853,0.027898389846086502,0.03528472036123276,-0.1078660786151886
-0.049478282531102494,-0.15047537287076312,-0.1862101356188456,0.028308309614658356,0.035333484411239624,-0.10782992839813232
-0.049659724036852516,-0.15050784746805826,-0.18687836329142252,0.02923046238720417,0.035414524376392365,-0.10773425549268723
-0.049775828917821244,-0.15046212077140808,-0.18708499272664386,0.030132528394460678,0.03552147001028061,-0.10764753818511963
-0.04984675844510396,-0.15050105253855386,-0.18696687618891397,0.03210359811782837,0.03572268784046173,-0.10743118077516556
-0.04996412992477417,-0.15047620733578998,-0.18600585063298541,0.032082945108413696,0.035774461925029755,-0.10745473206043243
-0.05048787593841553,-0.15039528409639993,-0.1839036742846171,0.032916441559791565,0.035886991769075394,-0.10736829042434692
-0.05288139979044596,-0.1504141290982564,-0.18316630522410074,0.033264271914958954,0.035966359078884125,-0.1073438748717308
-0.052838285764058426,-0.15043025215466815,-0.18342198928197223,0.03404010832309723,0.03605315461754799,-0.10725189000368118
-0.05042685568332672,-0.15036260088284809,-0.1854864756266276,0.03437713906168938,0.03610670194029808,-0.10721719264984131
-0.046913474798202515,-0.15018035968144733,-0.18720767895380655,0.035764429718256,0.036285579204559326,-0.10705213248729706
-0.04714936017990112,-0.14983486135800678,-0.1886876622835795,0.0365685373544693,0.03640751913189888,-0.10695913434028625
-0.04663809140523274,-0.1496428648630778,-0.19088164965311685,0.03689776360988617,0.036529768258333206,-0.10694824159145355
-0.046513065695762634,-0.1496468484401703,-0.19096599022547403,0.03769141435623169,0.03662847727537155,-0.106843501329422
-0.04665456215540568,-0.14994398752848306,-0.19080313046773273,0.03802705183625221,0.03671996295452118,-0.10681754350662231
-0.046849414706230164,-0.1499799887339274,-0.1906399329503377,0.04097737744450569,0.03716416656970978,-0.10642512142658234
-0.046924869219462075,-0.14997761448224384,-0.19013075033823648,0.04160772264003754,0.037441007792949677,-0.10640543699264526
-0.046914915243784584,-0.14976399143536884,-0.19002467393875122,0.041898224502801895,0.037505608052015305,-0.1063714474439621
-0.046843896309534706,-0.14984514315923053,-0.1892727216084798,0.042537011206150055,0.037643469870090485,-0.10629354417324066
-0.047016153732935585,-0.15006165703137714,-0.18765701850255329,0.04280998557806015,0.03770850598812103,-0.10626193881034851
-0.04802576700846354,-0.1501111090183258,-0.18768481413523355,0.04340815171599388,0.03784651309251785,-0.10618962347507477
-0.0473176638285319,-0.15004058678944904,-0.18794967730840045,0.04412558674812317,0.03798576444387436,-0.10609036684036255
-0.04805715878804524,-0.149090975522995,-0.18777960538864136,0.04468242824077606,0.03816485032439232,-0.10603849589824677
-0.047818357745806374,-0.1474399169286092,-0.18777646621068317,0.045228030532598495,0.03830493614077568,-0.10597260296344757
-0.04641437530517578,-0.14518819252649942,-0.18848927815755206,0.04619552195072174,0.038525257259607315,-0.10584123432636261
-0.049380694826443985,-0.14397527774175006,-0.1887655258178711,0.04631819576025009,0.03859464079141617,-0.10583988577127457
-0.04941137631734212,-0.14299447337786356,-0.1869252324104309,0.04774008318781853,0.03894985094666481,-0.10564873367547989
-0.049383074045181274,-0.13702592253684998,-0.1815747817357381,0.047923147678375244,0.039150841534137726,-0.10568159073591232
-0.05245696008205414,-0.13002151250839233,-0.1716923912366231,0.04836396127939224,0.039266929030418396,-0.10562187433242798
-0.04717432955900828,-0.1260373592376709,-0.15911436080932617,0.04847443103790283,0.039335645735263824,-0.10562155395746231
-0.04896176358064015,-0.11782941222190857,-0.14805038770039874,0.04873482882976532,0.03947334736585617,-0.1056114137172699
-0.04641081392765045,-0.09985464811325073,-0.1327510873476664,0.04873485863208771,0.03952831029891968,-0.10563191771507263
-0.06412248313426971,-0.08095346391201019,-0.11716437339782715,0.0486551970243454,0.03969034552574158,-0.10571105778217316
-0.0014434922486543655,-0.05334447820981343,0.0009871131430069604,0.0480797179043293,0.03971381112933159,-0.10585503280162811
-0.06897726655006409,-0.04479450980822245,-0.059873546163241066,0.047706231474876404,0.0385403111577034,-0.1053205281496048
-0.038834504783153534,-0.0555546482404073,-0.0346095065275828,0.04668968543410301,0.0377708300948143,-0.10500526428222656
-0.05903741717338562,-0.05370183289051056,-0.0656495193640391,0.04610442370176315,0.036828383803367615,-0.10440224409103394
-0.061239217718442276,-0.06236435969670613,-0.07559660077095032,0.0455850251019001,0.03640066087245941,-0.10417704284191132
-0.014790952205657959,-0.09561346968015035,-0.10426298777262369,0.04444865882396698,0.035318173468112946,-0.10392516851425171
-0.008495246370633442,-0.06946296989917755,-0.12148607770601907,0.04424963518977165,0.03492268919944763,-0.10387451946735382
-0.02917110671599706,-0.08120843768119812,-0.1163281500339508,0.043627940118312836,0.033792633563280106,-0.10394775867462158
-0.014719055344661076,-0.08931123216946919,-0.12425274650255838,0.04332533851265907,0.03331451117992401,-0.10399885475635529
0.0067589400957028065,-0.11927816271781921,-0.1218405266602834,0.04283067584037781,0.03237565606832504,-0.10403236746788025
0.00309667456895113,-0.1144494613011678,-0.07934022943178812,0.042908795177936554,0.032442156225442886,-0.10411317646503448
-0.06615825990835825,-0.15983001391092935,-0.08146230379740396,0.04263492673635483,0.032991450279951096,-0.10441753268241882
-0.049649606148401894,0.10008945067723592,-0.17387115955352783,0.014928042888641357,0.04111698269844055,-0.1113726794719696
-0.052058527866999306,0.10821639498074849,-0.17269025246302286,0.015195656567811966,0.041455045342445374,-0.11147306859493256
0.09188202023506165,0.020326532423496246,-0.06337950627009073,0.015494387596845627,0.04553702473640442,-0.11283925175666809
-0.018395166844129562,-0.011046315232912699,0.03589402139186859,0.02345903217792511,0.04281418398022652,-0.10804727673530579
-0.011281590908765793,0.021771252155303955,0.07715701560179392,0.021293174475431442,0.0430632159113884,-0.10883377492427826
0.030369669198989868,-0.022188425064086914,0.07278307775656381,0.02096595987677574,0.042924851179122925,-0.10673943161964417
-0.016272501399119694,-0.11438631018002827,0.08164381980895996,0.08814272284507751,0.0023580826818943024,0.013040208257734776
